,总收益率,年化收益率,夏普比率,最大回撤,胜率,交易次数,平均收益,多头平均收益,空头平均收益,多头盈利RSI均值,多头亏损RSI均值,空头盈利RSI均值,空头亏损RSI均值,RSI反转次数,RSI反转成功次数,RSI反转胜率,RSI反转平均收益,多转空次数,多转空平均收益,空转多次数,空转多平均收益,并发总收益率,并发年化收益率
AAPL_10y,-0.226799,-0.056922,-0.287353,-0.334670,0.416667,24.000000,-0.007780,-0.019163,0.014987,50.267761,45.530885,53.208240,47.982417,8.000000,3.000000,0.375000,-0.018595,1.000000,0.052962,7.000000,-0.028817,,
ABBV_10y,-0.329011,-0.087052,-0.653540,-0.365738,0.413793,29.000000,-0.012358,-0.006910,-0.018195,58.453517,47.782217,54.691762,61.446457,16.000000,4.000000,0.250000,-0.030577,8.000000,-0.024807,8.000000,-0.036346,,
ABT_10y,0.076146,0.016892,0.198150,-0.178323,0.592593,27.000000,0.004589,-0.006555,0.014937,47.262596,38.365497,59.071686,46.471755,17.000000,11.000000,0.647059,0.006207,9.000000,0.015212,8.000000,-0.003924,,
ACN_10y,-0.214881,-0.053771,-0.354907,-0.295351,0.347826,23.000000,-0.009283,-0.002830,-0.024033,51.429021,42.954411,49.110151,54.940154,11.000000,3.000000,0.272727,-0.009012,2.000000,-0.037282,9.000000,-0.002729,,
ADBE_10y,0.151211,0.032605,0.302067,-0.303744,0.578947,19.000000,0.008984,-0.005969,0.029543,44.635068,52.817138,40.244822,40.344506,6.000000,3.000000,0.500000,-0.018617,0.000000,,6.000000,-0.018617,,
AIG_10y,-0.061730,-0.014465,-0.066049,-0.162607,0.312500,16.000000,-0.001632,0.006404,-0.007882,38.516860,46.459630,42.364487,51.725261,8.000000,3.000000,0.375000,0.001571,3.000000,-0.012050,5.000000,0.009743,,
AMD_10y,0.654939,0.121745,0.608341,-0.288483,0.590909,22.000000,0.028139,0.054634,-0.010132,55.409350,50.871438,43.105684,48.972559,4.000000,1.000000,0.250000,-0.036552,2.000000,-0.100614,2.000000,0.027509,,
AMGN_10y,0.690053,0.127007,0.886406,-0.151639,0.600000,30.000000,0.019188,0.019153,0.019271,45.650215,43.755258,58.050590,57.779806,20.000000,12.000000,0.600000,0.022958,5.000000,0.012148,15.000000,0.026561,,
AMT_10y,-0.101700,-0.024227,-0.148556,-0.226986,0.434783,23.000000,-0.003799,-0.004894,0.001400,50.383078,42.938720,50.722102,69.591517,12.000000,4.000000,0.333333,-0.013961,2.000000,-0.013759,10.000000,-0.014001,,
AMZN_10y,-0.148466,-0.035957,-0.205119,-0.366246,0.526316,19.000000,-0.007042,-0.008627,-0.006118,53.298842,29.389977,57.857545,44.169667,8.000000,4.000000,0.500000,-0.004990,4.000000,0.029794,4.000000,-0.039773,,
ASML_10y,-0.008200,-0.001874,0.083853,-0.352908,0.476190,21.000000,0.001597,0.005151,-0.002314,56.965068,45.029936,44.667919,36.970924,5.000000,1.000000,0.200000,-0.017784,0.000000,,5.000000,-0.017784,,
AVGO_10y,0.949569,0.164292,0.947056,-0.292265,0.785714,14.000000,0.054037,0.095520,0.030991,46.051431,,56.237911,60.549412,7.000000,5.000000,0.714286,0.051771,4.000000,-0.014660,3.000000,0.140345,,
AXP_10y,0.023099,0.005236,0.109098,-0.224893,0.566667,30.000000,0.002778,0.014749,-0.006376,52.932381,40.336662,51.766234,48.595782,8.000000,4.000000,0.500000,0.018917,4.000000,-0.003465,4.000000,0.041299,,
BAC_10y,-0.228280,-0.057485,-0.320164,-0.338971,0.400000,25.000000,-0.008569,-0.011509,-0.004158,43.603595,46.533509,53.118835,47.769367,11.000000,4.000000,0.363636,-0.017874,3.000000,-0.011015,8.000000,-0.020447,,
BA_10y,0.208943,0.044345,0.376681,-0.184281,0.615385,26.000000,0.009367,0.006008,0.016924,51.229071,45.796410,51.823060,45.290002,9.000000,5.000000,0.555556,0.012276,2.000000,0.006810,7.000000,0.013837,,
BKNG_10y,0.074196,0.016456,0.181620,-0.322718,0.695652,23.000000,0.007546,-0.012557,0.025974,56.880798,49.481023,51.301958,51.361894,8.000000,6.000000,0.750000,0.044793,5.000000,0.039415,3.000000,0.053755,,
BK_10y,0.319397,0.065435,0.572881,-0.153237,0.640000,25.000000,0.011470,0.017525,0.000707,46.205278,45.339177,52.176009,57.556833,12.000000,7.000000,0.583333,0.020407,3.000000,-0.003623,9.000000,0.028417,,
BLK_10y,0.076250,0.016946,0.217426,-0.145290,0.681818,22.000000,0.003919,0.002429,0.006072,51.514271,44.445630,41.761915,65.799902,6.000000,2.000000,0.333333,-0.031209,2.000000,-0.064828,4.000000,-0.014400,,
BMY_10y,0.096463,0.021282,0.232147,-0.224452,0.468750,32.000000,0.002078,0.004347,-0.000191,43.140696,51.353271,51.363370,48.454317,13.000000,7.000000,0.538462,0.003259,7.000000,-0.007857,6.000000,0.016229,,
BRK.B_10y,-0.073791,-0.017376,-0.193786,-0.121075,0.391304,23.000000,-0.002614,0.008638,-0.012928,59.340323,49.803323,54.287802,54.200305,9.000000,3.000000,0.333333,-0.001872,6.000000,-0.012187,3.000000,0.018757,,
CAT_10y,-0.109322,-0.026103,-0.117477,-0.302921,0.423077,26.000000,-0.002202,-0.003604,0.000042,46.875642,46.961364,51.851756,58.204542,12.000000,4.000000,0.333333,-0.002561,5.000000,-0.019144,7.000000,0.009285,,
CHTR_10y,0.041952,0.009416,0.136262,-0.212496,0.444444,18.000000,0.003255,-0.002679,0.018684,41.313808,43.995673,58.444833,57.025309,12.000000,6.000000,0.500000,0.005621,3.000000,0.020545,9.000000,0.000647,,
CL_10y,-0.271182,-0.069783,-0.962970,-0.307581,0.407407,27.000000,-0.011666,-0.009042,-0.015485,38.433497,42.555933,41.885456,46.518621,12.000000,4.000000,0.333333,-0.003056,1.000000,0.049331,11.000000,-0.007819,,
CMCSA_10y,-0.023526,-0.005415,0.023538,-0.197159,0.571429,21.000000,0.000231,0.003828,-0.006963,31.160272,49.416713,45.261833,58.453009,14.000000,9.000000,0.642857,0.002362,3.000000,-0.024665,11.000000,0.009733,,
COF_10y,0.428482,0.084966,0.482001,-0.239634,0.608696,23.000000,0.021496,0.025142,0.017519,53.271420,39.720522,48.741688,52.715730,9.000000,2.000000,0.222222,-0.024852,4.000000,-0.003153,5.000000,-0.042212,,
COP_10y,0.185160,0.039611,0.323624,-0.251574,0.545455,22.000000,0.010613,0.026951,0.001277,49.579607,50.808332,51.647552,54.285806,7.000000,4.000000,0.571429,0.001371,4.000000,-0.059679,3.000000,0.082771,,
COST_10y,-0.102355,-0.024303,-0.243687,-0.194227,0.476190,21.000000,-0.004545,0.017476,-0.033906,59.950385,62.982261,36.529250,45.569578,1.000000,0.000000,0.000000,-0.091463,1.000000,-0.091463,0.000000,,,
CRM_10y,-0.324500,-0.085729,-0.278611,-0.489891,0.478261,23.000000,-0.013192,-0.037597,0.013433,58.859097,50.042446,47.947980,61.815267,10.000000,3.000000,0.300000,-0.025724,5.000000,0.006998,5.000000,-0.058446,,
CSCO_10y,-0.039210,-0.009081,-0.049867,-0.206998,0.521739,23.000000,-0.001293,-0.008484,0.009892,50.669662,46.524782,55.526559,57.200637,9.000000,4.000000,0.444444,-0.001593,4.000000,-0.001141,5.000000,-0.001955,,
CVS_10y,0.049074,0.011016,0.153361,-0.098088,0.444444,27.000000,0.002967,0.001349,0.004990,44.461542,46.494352,52.747698,58.449276,14.000000,5.000000,0.357143,-0.000702,5.000000,-0.008247,9.000000,0.003489,,
CVX_10y,0.486772,0.094844,0.695481,-0.133703,0.500000,22.000000,0.019534,0.031960,0.009179,45.903255,58.488440,43.408568,48.694612,7.000000,4.000000,0.571429,0.038394,3.000000,-0.013856,4.000000,0.077581,,
C_10y,0.130746,0.028498,0.273716,-0.202368,0.533333,30.000000,0.005428,0.012606,-0.008927,50.355263,47.861715,38.731692,51.021019,15.000000,7.000000,0.466667,-0.003408,4.000000,-0.009471,11.000000,-0.001203,,
DE_10y,0.075003,0.016676,0.189241,-0.193411,0.500000,18.000000,0.005707,-0.004295,0.015709,46.652291,51.270883,49.123679,45.187786,6.000000,3.000000,0.500000,0.005486,2.000000,-0.005633,4.000000,0.011046,,
DHR_10y,0.117166,0.025660,0.257201,-0.252925,0.500000,22.000000,0.007198,0.011659,-0.000608,42.494089,41.947195,47.256728,56.533638,12.000000,5.000000,0.416667,0.010396,3.000000,-0.008284,9.000000,0.016622,,
DIS_10y,-0.373884,-0.101450,-1.017132,-0.373884,0.307692,13.000000,-0.032392,-0.045277,-0.003401,32.479073,41.253182,37.972634,74.674134,8.000000,2.000000,0.250000,-0.022605,2.000000,-0.036215,6.000000,-0.018069,,
DUK_10y,-0.092931,-0.022057,-0.268606,-0.210465,0.454545,22.000000,-0.004058,0.005295,-0.011851,44.939639,42.344776,51.107234,44.606506,10.000000,5.000000,0.500000,0.002246,4.000000,0.001150,6.000000,0.002976,,
EMR_10y,0.361063,0.072968,0.543542,-0.326691,0.583333,24.000000,0.015759,0.022027,0.011281,47.257085,44.695628,52.264380,51.459288,12.000000,7.000000,0.583333,0.023112,6.000000,0.000147,6.000000,0.046077,,
FDX_10y,-0.131270,-0.031667,-0.172653,-0.296263,0.533333,15.000000,-0.007222,-0.001572,-0.022757,41.964251,43.711248,71.033790,48.444207,9.000000,6.000000,0.666667,-0.001707,3.000000,0.001652,6.000000,-0.003387,,
GD_10y,-0.260408,-0.066656,-0.505334,-0.316183,0.400000,20.000000,-0.012840,0.008196,-0.026864,35.153233,50.951294,57.372644,51.923920,12.000000,7.000000,0.583333,-0.001862,6.000000,-0.018547,6.000000,0.014822,,
GE_10y,-0.322327,-0.085058,-0.475652,-0.437231,0.437500,16.000000,-0.020252,-0.023913,-0.009267,48.091165,53.687077,73.583975,51.280585,7.000000,4.000000,0.571429,0.000598,2.000000,0.006506,5.000000,-0.001766,,
GILD_10y,0.115417,0.025223,0.317476,-0.125731,0.578947,19.000000,0.006589,0.012929,-0.007147,42.174845,57.988968,55.460797,58.713560,9.000000,6.000000,0.666667,0.007896,3.000000,-0.022734,6.000000,0.023211,,
GM_10y,-0.305711,-0.080050,-0.306326,-0.456846,0.400000,25.000000,-0.014434,-0.020881,-0.000732,38.454051,48.169534,57.865528,57.832389,16.000000,8.000000,0.500000,0.001413,6.000000,0.013568,10.000000,-0.005880,,
GOOGL_10y,0.245765,0.051392,0.265745,-0.427625,0.315789,19.000000,0.026480,-0.021494,0.061370,52.783938,48.806292,47.899517,51.348791,8.000000,2.000000,0.250000,-0.018771,5.000000,-0.029205,3.000000,-0.001380,,
GOOG_10y,-0.942629,-0.478601,-0.384289,-0.957021,0.588235,17.000000,-0.046306,-0.143752,0.021906,57.333342,46.753312,52.981816,39.383647,4.000000,3.000000,0.750000,0.021514,2.000000,0.057558,2.000000,-0.014531,,
GS_10y,0.719239,0.131792,0.822685,-0.262100,0.548387,31.000000,0.019284,0.043882,0.003748,52.803764,44.318277,53.999316,49.412926,10.000000,5.000000,0.500000,0.000252,6.000000,0.005219,4.000000,-0.007199,,
HD_10y,-0.163030,-0.039844,-0.346863,-0.296201,0.450000,20.000000,-0.008538,-0.014383,0.000228,57.257412,56.583289,40.374663,58.012346,6.000000,1.000000,0.166667,-0.036347,3.000000,-0.053910,3.000000,-0.018785,,
HON_10y,-0.203921,-0.050680,-0.335525,-0.270565,0.483871,31.000000,-0.005505,-0.003195,-0.009704,52.914523,41.831970,44.895134,52.336425,16.000000,4.000000,0.250000,-0.024234,5.000000,-0.019725,11.000000,-0.026283,,
IBM_10y,-0.189831,-0.046999,-0.340085,-0.220612,0.450000,20.000000,-0.008348,-0.009276,-0.007215,37.821512,53.010673,55.705229,52.538160,9.000000,6.000000,0.666667,-0.007761,3.000000,-0.020939,6.000000,-0.001173,,
INTC_10y,-0.302737,-0.078876,-0.381778,-0.384913,0.400000,20.000000,-0.014684,-0.022098,-0.003562,40.118308,45.481465,55.473186,62.035528,11.000000,4.000000,0.363636,-0.029117,5.000000,-0.038800,6.000000,-0.021047,,
INTU_10y,0.923269,0.160851,0.983582,-0.193844,0.625000,24.000000,0.031076,0.047587,0.014565,46.352913,45.457581,49.212088,50.109721,8.000000,6.000000,0.750000,0.066572,2.000000,0.028798,6.000000,0.079164,,
ISRG_10y,0.358851,0.072434,0.618635,-0.094578,0.571429,14.000000,0.025430,0.027711,0.022388,46.716559,49.624009,42.203778,66.344329,8.000000,3.000000,0.375000,-0.013379,3.000000,-0.014709,5.000000,-0.012581,,
JNJ_10y,0.017564,0.003986,0.089700,-0.143786,0.304348,23.000000,0.001162,0.009368,-0.011602,38.656077,43.199217,36.887069,57.711182,15.000000,5.000000,0.333333,0.003289,5.000000,-0.018372,10.000000,0.014119,,
JPM_10y,-0.034148,-0.007907,-0.019154,-0.205834,0.428571,21.000000,-0.000596,-0.003403,0.001509,43.652158,50.677805,45.258104,51.772007,8.000000,4.000000,0.500000,0.004670,5.000000,-0.008071,3.000000,0.025906,,
KO_10y,0.254646,0.053146,0.945769,-0.061796,0.555556,18.000000,0.013016,0.015439,0.006715,39.138067,52.264737,56.979518,65.905556,10.000000,6.000000,0.600000,0.016673,4.000000,0.004356,6.000000,0.024885,,
LIN_10y,-0.050294,-0.011720,-0.066509,-0.159120,0.523810,21.000000,-0.001432,0.006719,-0.008842,48.660963,39.123887,50.259914,39.575865,9.000000,5.000000,0.555556,0.000196,3.000000,0.020472,6.000000,-0.009941,,
LLY_10y,0.230701,0.048569,0.360016,-0.153460,0.578947,19.000000,0.013507,0.041461,-0.011651,52.820185,35.350797,43.700782,65.116233,10.000000,3.000000,0.300000,0.008347,7.000000,-0.023926,3.000000,0.083653,,
LMT_10y,0.041783,0.009404,0.143248,-0.191787,0.294118,17.000000,0.001422,-0.001090,0.007453,42.002785,45.723567,52.763785,73.571555,11.000000,3.000000,0.272727,-0.001744,4.000000,-0.009681,7.000000,0.002791,,
LOW_10y,0.137329,0.029864,0.286534,-0.265257,0.500000,22.000000,0.007512,0.002814,0.012210,45.210262,41.604192,46.607323,53.852094,11.000000,4.000000,0.363636,-0.001235,4.000000,-0.019369,7.000000,0.009128,,
MA_10y,0.301164,0.061992,0.503042,-0.158807,0.535714,28.000000,0.010790,0.011238,0.009148,46.681350,49.457636,54.390116,63.360395,14.000000,8.000000,0.571429,0.026025,3.000000,-0.000758,11.000000,0.033329,,
MCD_10y,-0.046128,-0.010732,-0.072888,-0.204776,0.466667,15.000000,-0.001314,-0.002403,-0.000361,45.863592,35.022563,59.092893,42.999145,6.000000,3.000000,0.500000,-0.003550,1.000000,0.019069,5.000000,-0.008074,,
MDLZ_10y,-0.215724,-0.053908,-0.519765,-0.259966,0.392857,28.000000,-0.007182,-0.010455,-0.001290,53.790197,40.341970,44.523996,50.098287,13.000000,3.000000,0.230769,-0.008686,2.000000,0.016393,11.000000,-0.013245,,
MDT_10y,0.399757,0.079937,0.702491,-0.183492,0.548387,31.000000,0.011697,0.003574,0.022943,49.631919,41.388515,44.837037,52.519218,15.000000,6.000000,0.400000,0.002496,6.000000,-0.002056,9.000000,0.005530,,
META_10y,0.330754,0.067273,0.548723,-0.133406,0.687500,16.000000,0.020420,0.020387,0.020462,47.303479,57.977095,62.244211,62.412664,7.000000,5.000000,0.714286,0.028919,5.000000,0.008724,2.000000,0.079406,,
MET_10y,0.056249,0.012593,0.159114,-0.269968,0.529412,17.000000,0.006075,0.018321,-0.023316,40.675581,40.003330,49.531871,35.019703,8.000000,5.000000,0.625000,0.018305,0.000000,,8.000000,0.018305,,
MMM_10y,0.537480,0.103364,0.822370,-0.187254,0.571429,28.000000,0.016576,-0.004469,0.061004,45.436406,46.138610,56.086973,,15.000000,9.000000,0.600000,0.018981,6.000000,0.062542,9.000000,-0.010060,,
MO_10y,0.087006,0.019261,0.236907,-0.198208,0.571429,21.000000,0.003112,0.008987,-0.006436,45.807029,45.882864,66.737754,51.608044,13.000000,9.000000,0.692308,0.008064,6.000000,-0.003157,7.000000,0.017682,,
MRK_10y,-0.172737,-0.042400,-0.320099,-0.327698,0.384615,26.000000,-0.006089,0.004572,-0.016750,41.756426,48.418734,47.793279,55.514941,13.000000,5.000000,0.384615,-0.014528,6.000000,-0.043724,7.000000,0.010497,,
MSFT_10y,0.948471,0.164143,1.356677,-0.104946,0.750000,20.000000,0.032601,0.026762,0.050116,45.074359,49.054399,51.697698,41.059390,9.000000,7.000000,0.777778,0.043448,1.000000,0.093471,8.000000,0.037196,,
MS_10y,0.199534,0.042442,0.329179,-0.411137,0.633333,30.000000,0.006845,0.000566,0.011646,48.757667,51.113089,52.899989,53.195439,12.000000,7.000000,0.583333,0.004901,8.000000,0.008544,4.000000,-0.002384,,
NEE_10y,0.305060,0.062776,0.499092,-0.191801,0.625000,16.000000,0.018329,0.012485,0.031186,39.524748,36.273359,48.607183,29.600708,12.000000,8.000000,0.666667,0.021936,2.000000,0.066017,10.000000,0.013120,,
NFLX_10y,0.607635,0.114242,0.629322,-0.216797,0.526316,19.000000,0.030011,0.049715,0.008117,53.666231,53.388846,47.359853,61.256819,9.000000,4.000000,0.444444,0.021014,5.000000,-0.039868,4.000000,0.097116,,
NKE_10y,0.104356,0.022937,0.235873,-0.277894,0.560000,25.000000,0.005659,0.003850,0.009503,46.463100,40.730424,52.963860,58.745251,13.000000,6.000000,0.461538,-0.013420,4.000000,-0.005599,9.000000,-0.016896,,
NOW_10y,0.416178,0.082822,0.548350,-0.309461,0.562500,16.000000,0.029039,0.043732,0.004551,50.115321,48.442558,41.921171,46.710367,5.000000,3.000000,0.600000,0.058458,0.000000,,5.000000,0.058458,,
NVDA_10y,1.198980,0.196670,0.587591,-0.321822,0.538462,13.000000,0.084847,0.062151,0.121160,44.368408,49.435300,47.319534,50.341123,3.000000,2.000000,0.666667,0.131141,0.000000,,3.000000,0.131141,,
ORCL_10y,0.842102,0.149782,1.034165,-0.260289,0.722222,18.000000,0.038177,0.087898,-0.001600,49.039845,63.326385,61.587695,65.801803,11.000000,8.000000,0.727273,0.035260,7.000000,-0.016717,4.000000,0.126220,,
PEP_10y,-0.011388,-0.002606,-0.004986,-0.167596,0.500000,26.000000,-0.000918,-0.008464,0.006628,54.041779,48.112544,43.888194,44.581468,7.000000,2.000000,0.285714,-0.004206,3.000000,0.003821,4.000000,-0.010225,,
PFE_10y,-0.119002,-0.028532,-0.251314,-0.235680,0.382353,34.000000,-0.002885,0.003198,-0.007687,43.896401,42.714881,49.992672,55.612905,18.000000,6.000000,0.333333,-0.008379,9.000000,-0.010461,9.000000,-0.006296,,
PG_10y,0.253906,0.053053,0.734963,-0.071925,0.700000,20.000000,0.012096,0.012058,0.012128,53.825277,40.848497,51.008960,34.757860,7.000000,5.000000,0.714286,0.013533,3.000000,0.020452,4.000000,0.008343,,
PLTR_10y,-0.298899,-0.080374,-0.319691,-0.490452,0.352941,17.000000,-0.017460,-0.028512,0.002802,63.417759,45.256940,53.055060,56.792356,8.000000,1.000000,0.125000,-0.032324,3.000000,0.029802,5.000000,-0.069599,,
PM_10y,0.199198,0.042375,0.448686,-0.133556,0.571429,28.000000,0.007427,0.005816,0.009575,49.792539,42.954268,47.572463,62.162826,13.000000,5.000000,0.384615,0.004617,5.000000,-0.003700,8.000000,0.009816,,
PYPL_10y,-0.363093,-0.097767,-0.480635,-0.482806,0.391304,23.000000,-0.014997,-0.020852,-0.004018,40.482970,47.182019,48.597069,58.287648,11.000000,5.000000,0.454545,-0.026581,3.000000,-0.049119,8.000000,-0.018129,,
QCOM_10y,0.176109,0.037651,0.308290,-0.205441,0.450000,20.000000,0.011102,0.019929,-0.015379,50.206470,42.089935,45.998664,52.262755,9.000000,3.000000,0.333333,0.027723,1.000000,-0.094781,8.000000,0.043036,,
RTX_10y,0.441789,0.087186,0.686305,-0.168298,0.772727,22.000000,0.018395,0.018799,0.017689,36.890449,57.461627,55.866892,60.836795,14.000000,12.000000,0.857143,0.031620,5.000000,0.012082,9.000000,0.042474,,
SBUX_10y,-0.423988,-0.118210,-0.660081,-0.430657,0.411765,17.000000,-0.027522,-0.018468,-0.044122,43.725750,42.381781,41.519549,52.756681,8.000000,2.000000,0.250000,-0.054878,2.000000,-0.118014,6.000000,-0.033833,,
SCHW_10y,0.259674,0.054158,0.457051,-0.257725,0.518519,27.000000,0.010310,0.008965,0.011560,41.884849,43.640279,63.505742,65.783918,19.000000,10.000000,0.526316,0.004249,10.000000,-0.001711,9.000000,0.010871,,
SO_10y,-0.028298,-0.006543,-0.051467,-0.198107,0.562500,16.000000,-0.001846,0.005487,-0.017980,44.265991,58.986624,51.834949,50.065678,6.000000,5.000000,0.833333,0.014430,1.000000,0.011077,5.000000,0.015100,,
SPG_10y,0.400327,0.080038,0.623020,-0.117874,0.611111,18.000000,0.022157,0.021940,0.022429,42.326366,47.217851,50.662370,57.723224,10.000000,6.000000,0.600000,0.024113,4.000000,0.002508,6.000000,0.038517,,
TGT_10y,0.603089,0.113958,0.724134,-0.232093,0.571429,21.000000,0.025200,0.041574,-0.001407,36.158285,34.124681,47.434164,61.707584,14.000000,6.000000,0.428571,0.027240,4.000000,-0.027343,10.000000,0.049073,,
TMO_10y,-0.212644,-0.053156,-0.353906,-0.294435,0.380952,21.000000,-0.010954,-0.018154,-0.004408,43.268702,46.204956,50.917781,53.037422,10.000000,4.000000,0.400000,0.005191,5.000000,0.019818,5.000000,-0.009436,,
TMUS_10y,0.032368,0.007291,0.121348,-0.220751,0.470588,17.000000,0.002729,0.003013,0.002476,49.185153,41.082869,61.793762,61.056993,11.000000,4.000000,0.363636,-0.014335,6.000000,-0.019659,5.000000,-0.007946,,
TSLA_10y,0.325667,0.066342,0.376276,-0.435381,0.571429,14.000000,0.040044,0.105160,-0.046778,47.386734,44.177686,37.906580,45.877417,4.000000,2.000000,0.500000,0.096504,1.000000,-0.270617,3.000000,0.218877,,
TXN_10y,0.149687,0.032293,0.360327,-0.182017,0.518519,27.000000,0.006282,0.000614,0.014527,45.664216,53.772682,52.010858,49.128804,10.000000,8.000000,0.800000,0.035622,4.000000,0.029821,6.000000,0.039490,,
T_10y,-0.276328,-0.071289,-0.704074,-0.330301,0.428571,21.000000,-0.015331,0.005141,-0.037849,45.279383,47.367960,62.121651,60.884048,14.000000,6.000000,0.428571,-0.007682,8.000000,-0.019993,6.000000,0.008732,,
UNH_10y,0.107052,0.023507,0.231700,-0.154007,0.571429,14.000000,0.010300,-0.010257,0.037711,44.740112,46.418309,53.648265,45.160250,6.000000,4.000000,0.666667,0.031992,2.000000,0.094724,4.000000,0.000627,,
UNP_10y,0.303358,0.062459,0.673268,-0.090964,0.583333,24.000000,0.011731,0.014616,0.008846,47.462925,53.079966,55.880439,48.515101,9.000000,7.000000,0.777778,0.025752,5.000000,0.013528,4.000000,0.041032,,
UPS_10y,-0.009065,-0.002078,0.059484,-0.273952,0.421053,19.000000,-0.002410,0.005860,-0.025565,37.429824,36.144185,57.151296,59.298903,13.000000,6.000000,0.461538,0.006624,2.000000,0.028873,11.000000,0.002579,,
USB_10y,-0.267712,-0.068772,-0.369047,-0.386156,0.391304,23.000000,-0.011483,-0.013362,-0.007188,38.100749,37.766492,70.924790,60.517466,20.000000,7.000000,0.350000,-0.019948,7.000000,-0.007188,13.000000,-0.026819,,
VZ_10y,-0.074193,-0.017458,-0.106046,-0.205004,0.476190,21.000000,-0.002676,0.004011,-0.011592,37.112319,45.957713,39.801056,56.166740,11.000000,6.000000,0.545455,-0.015243,3.000000,-0.061249,8.000000,0.002009,,
V_10y,0.176834,0.037902,0.378696,-0.157561,0.576923,26.000000,0.006907,0.013406,-0.020387,49.383038,52.818082,52.342339,40.485356,10.000000,7.000000,0.700000,0.014632,1.000000,0.024134,9.000000,0.013576,,
WFC_10y,0.148282,0.032123,0.269865,-0.269222,0.555556,18.000000,0.009222,0.020033,-0.018885,52.780452,37.736190,70.952249,49.668796,9.000000,4.000000,0.444444,0.003405,3.000000,0.031036,6.000000,-0.010410,,
WMT_10y,0.863984,0.152889,0.549891,-0.159126,0.611111,18.000000,0.044069,0.020862,0.073077,55.612003,42.236926,70.862971,56.078838,10.000000,5.000000,0.500000,0.073332,6.000000,0.113325,4.000000,0.013341,,
XOM_10y,0.166749,0.035863,0.312977,-0.266642,0.541667,24.000000,0.009733,0.038194,-0.030112,46.100223,56.130891,45.516592,52.424033,8.000000,5.000000,0.625000,0.054856,3.000000,-0.042179,5.000000,0.113077,,
组合,0.117042,0.025540,1.600347,-0.017407,0.511659,2230.000000,0.004989,0.006251,0.003276,47.093375,46.019608,51.627932,53.155026,1042.000000,502.000000,0.481766,0.004545,388.000000,-0.004560,654.000000,0.009946,0.183121,0.039057
