code,total_return,CAGR,Sharpe,MaxDD,WinRate,Trades,AvgRet,LongAvgRet,ShortAvgRet
CAT_10y,4.553023534727001,0.41207374522341933,1.3374688893551279,-0.36964159002673946,0.6346153846153846,104,0.009310575004175396,0.019742650733815384,-0.0011215007254645982
AVGO_10y,4.023172668685159,0.382783439498126,0.8058126367409153,-0.693552464999626,0.496,125,0.013885885871172756,0.025266450697617147,0.0026859649308624022
COST_10y,1.4030910375694532,0.19249741782499208,0.8962087729906771,-0.29740175452591866,0.5185185185185185,135,0.00836111526992097,0.01737727551442692,-0.0007896145304731288
ORCL_10y,1.3653598786842616,0.18920648580470378,0.6932130537878115,-0.4536058028908381,0.5181818181818182,110,0.004237975131641313,0.019886800127051428,-0.011410849863768802
MSFT_10y,1.3446778478013885,0.18661961511604153,0.7967654243142102,-0.28129256209918707,0.5565217391304348,115,0.00962805563639418,0.018886502150588434,0.0002071802359859937
NVDA_10y,1.262561156244025,0.17815550114033574,0.6488651228860559,-0.908501951930174,0.48672566371681414,113,0.026203606473624182,0.042298712329103594,0.009821088013582654
JPM_10y,1.2076630307207843,0.1728057531818481,0.7550523688926926,-0.3285428056512426,0.5271317829457365,129,0.004697932030397733,0.012721430232251574,-0.0032021277375814342
CRM_10y,0.9848418106699672,0.14795710495723213,0.5683241581978038,-0.4750178076238756,0.5597014925373134,134,0.0105631353165432,0.012849728881210288,0.008276541751876107
GOOG_10y,0.9514207426556227,0.14367213196289086,0.45357125210446225,-0.6050347175240769,0.5412844036697247,109,0.009917958808962492,0.011609227429854017,0.008257440526632636
TXN_10y,0.9433693553348348,0.14272306824576453,0.5943546430779306,-0.23793776043425408,0.5423728813559322,118,0.012532142172536571,0.016259567844885178,0.008804716500187966
HD_10y,0.8916268200071968,0.13689635979177828,0.6695255574874426,-0.2816339775615003,0.5409836065573771,122,0.005888614824134435,0.009022565816747017,0.002754663831521852
UNH_10y,0.8468107780389575,0.13142287755747928,0.5686734564389752,-0.34034497062990454,0.5422535211267606,142,0.0065940880856070186,0.006959459266850723,0.006228716904363314
INTC_10y,0.8278733045253037,0.12875045923996264,0.4999364827254087,-0.4868590059559179,0.4888888888888889,135,0.005545751382125947,0.0011955375596826726,0.0099608937690833
DIS_10y,0.7662227843634146,0.12130771342427993,0.5314611448800759,-0.3990560865124737,0.5213675213675214,117,0.010530435975257272,0.013143573009978727,0.007961589398751436
MA_10y,0.6340652786103591,0.10389160137056841,0.5182241108336446,-0.3223897841003336,0.4700854700854701,117,0.005733503312222152,0.011074500988510932,0.0003004194691008061
ABBV_10y,0.6173444180992238,0.10152358835655262,0.540514012725891,-0.4541327007827811,0.5241935483870968,124,0.0021652608758723035,0.009449970674702587,-0.00511944892295798
WMT_10y,0.5982456973676393,0.09897789267189783,0.4068974867334917,-0.32324780607367953,0.5378787878787878,132,0.007266893139545858,0.008415509844476579,0.006118276434615139
PEP_10y,0.5978595751795046,0.09867667388204526,0.6278923027596495,-0.28255208355700523,0.43410852713178294,129,0.0008216186982750862,0.001354915781910867,0.0002799888477074963
PG_10y,0.5688325559767919,0.09487680862267567,0.6155055303516924,-0.27444939386160405,0.5075757575757576,132,0.0029075436558079716,0.003929454018634752,0.0018856332929811908
JNJ_10y,0.4454953708449818,0.07698048828155257,0.5278623399179974,-0.17623673521501626,0.49382716049382713,162,-0.0011506930583543306,0.0002307193050252567,-0.002532105421733918
LLY_10y,0.40245809312994707,0.0704483012712327,0.37182153785284283,-0.5375346225738958,0.5315315315315315,111,0.01067231862408889,0.02701715271536733,-0.005969694268849162
AMZN_10y,0.37292798849043396,0.06571046686070714,0.3299160515310286,-0.6183899722661019,0.5206611570247934,121,0.00696888519409852,0.003984497124426208,0.009904348869186043
ADBE_10y,0.34369594497705647,0.06111494964446029,0.3436106044709657,-0.4446562333851325,0.53125,128,0.00474723789229114,0.004970623584108155,0.004523852200474125
PFE_10y,0.3416789819284092,0.06094495625019403,0.3615514053081763,-0.46914077480256,0.5108695652173914,184,0.001177931112475968,-0.0002782015058869021,0.002634063730838838
CSCO_10y,0.33768874561614814,0.06016068785067996,0.36698545200670035,-0.3706210088466163,0.5333333333333333,180,0.0005109486411239428,0.004353744304980938,-0.0033318470227330526
QCOM_10y,0.25261485142544116,0.04626441261688341,0.3096211776836693,-0.503734608703674,0.5301204819277109,83,0.005174788037192167,0.011441888020952034,-0.0012451680437325743
NKE_10y,0.20451438620888207,0.038163300652525045,0.278579180365392,-0.4471963764614033,0.5032258064516129,155,-0.00040645957156821487,-0.0014033053348348429,0.0005776061178103794
TMO_10y,0.18540698632289132,0.03482734389509923,0.26144825548776535,-0.3627049944475039,0.5275590551181102,127,-0.0001017642001169635,0.0017993131883478845,-0.0020330174201447456
C_10y,0.11599829148007079,0.022335914605485563,0.22335444563471218,-0.6122295658857981,0.5472972972972973,148,0.006064295235632872,0.012279600346158987,-0.0001510098748932427
GOOGL_10y,0.08598474164043068,0.01670109071881254,0.23165019495559608,-0.5469476140083697,0.53125,128,0.007762671421056939,0.0076751693638970764,0.0078501734782168
META_10y,0.07889534471004178,0.015364890441730727,0.25609787134846607,-0.8060717555541334,0.4563758389261745,149,-0.0007935351863710162,0.009408537467108775,-0.011133473686519454
LIN_10y,-0.011552039901320255,-0.002335972898919958,0.09707512230407703,-0.3749557028833672,0.45217391304347826,115,0.0006357715637375257,0.00707279003368174,-0.005690263829138685
ABT_10y,-0.021250988294116535,-0.004310690518594229,0.0870076227346556,-0.44067420509416577,0.48175182481751827,137,0.0010012297655191205,0.003112033068295217,-0.0010789821850428294
V_10y,-0.02689951268793056,-0.005473398535837726,0.0918842893093744,-0.3413191816934601,0.53125,128,0.0015421998724915714,0.007013981595500778,-0.003929581850517635
AAPL_10y,-0.03234977133292938,-0.006581368367178597,0.12163894876670876,-0.5313554168449925,0.5686274509803921,102,0.011439091584580306,0.018384259468588238,0.004493923700572372
BLK_10y,-0.033307164454958293,-0.006794995134291715,0.10916997718299999,-0.570407771114113,0.4869109947643979,191,0.0027229434829687312,0.0074854309991851204,-0.001989934788287071
BKNG_10y,-0.0819292982413512,-0.01701781990583251,0.12464839259536321,-0.4711925421078036,0.48947368421052634,190,0.002508179662587467,0.009509617377044892,-0.004493258051869959
MRK_10y,-0.12042491189269999,-0.02549658049385861,-0.006862467393353288,-0.4209360651994276,0.5538461538461539,130,0.004157720131932474,0.0051473765734543295,0.003168063690410619
INTU_10y,-0.13376155058933992,-0.028421714083216476,0.08301520422478348,-0.48693858152232283,0.5081967213114754,122,0.008052638904824161,0.017511347693276183,-0.0014060698836278664
NFLX_10y,-0.13622044306503245,-0.028976122580890995,0.14463804331000432,-0.6792167610429295,0.4744525547445255,137,-0.001847681009701643,0.008718655495761915,-0.012569404816716135
AMGN_10y,-0.13910666757889933,-0.02962849346687657,-0.014236712459258751,-0.4511089837790202,0.4444444444444444,117,-0.0002999913665669007,0.0024852669732597747,-0.0030380419379219376
ASML_10y,-0.1436515137404043,-0.030659313417325418,0.1278143992367608,-0.6207411150806974,0.5373134328358209,134,0.00872985125664457,0.015782090486353973,0.0016776120269351646
GILD_10y,-0.15382649659247338,-0.03298305753915265,-0.03315466788390325,-0.42429583805017357,0.5617283950617284,162,0.005466192455974151,0.010232520562772527,0.0006998643491757747
KO_10y,-0.16103392263634564,-0.03469694998266937,-0.13832555666743684,-0.37724459413239053,0.4873417721518987,158,-0.0002450661851113452,0.0023450688611549703,-0.002835201231377661
COF_10y,-0.164926663111571,-0.035627336881846605,0.08257263552184395,-0.7294628580304352,0.5462962962962963,108,0.00648961885665083,0.018681561585628267,-0.005702323872326607
MS_10y,-0.20926892279920295,-0.046160184547371585,-0.018278465613671847,-0.5194993495277053,0.4789915966386555,119,0.00516636030891117,0.01594251283558933,-0.005430189675655687
PM_10y,-0.2301171716189282,-0.05127622879675364,-0.14396871046569804,-0.40397921428335626,0.5338983050847458,118,0.0015902448376259465,0.009577996558354342,-0.006397506883102449
CL_10y,-0.23260897796657765,-0.05189508213012617,-0.21555494842935682,-0.3755839898922866,0.5760869565217391,184,0.004296794325955201,0.005120565515676004,0.0034730231362343983
MCD_10y,-0.24923871435193157,-0.056066779410904655,-0.24981240151404396,-0.36586476458164485,0.4444444444444444,126,-0.002246933133218962,0.0007809042020357631,-0.005274770468473687
AXP_10y,-0.2577170878202547,-0.05822211910792108,-0.0524792146711941,-0.6334929934920409,0.5701754385964912,114,0.0050781357643162155,0.016030567450762246,-0.005874295922129815
UNP_10y,-0.3137793736673853,-0.07299140339859655,-0.21958659027209815,-0.4764758680769009,0.4965034965034965,143,-0.0017008754265522708,-0.00029228010406254375,-0.00312931011978129
GS_10y,-0.35151857976632506,-0.08348596273069298,-0.17583078084125786,-0.6211067859655499,0.44537815126050423,119,-0.005670789521481811,0.007438039381211211,-0.01856113794246328
RTX_10y,-0.3565883324249106,-0.08493268365088724,-0.22911902729835842,-0.6821696738330981,0.42735042735042733,117,0.0030336607028401677,0.012593658047161043,-0.006364302788187134
HON_10y,-0.3793821589674645,-0.09141283625416641,-0.34537922340749216,-0.6061596063114552,0.4520547945205479,146,-0.0019882838117004135,0.0009500400509457398,-0.004926607674346566
TMUS_10y,-0.41364776078757837,-0.10164708074523998,-0.3438843603477666,-0.4974457298046482,0.5555555555555556,117,-0.00039419718857225015,0.007105240151937439,-0.007766525421615674
XOM_10y,-0.42029158237463704,-0.10393541363460101,-0.23345028403224447,-0.6594070870428785,0.5,122,0.000405191444040862,0.011228455781335234,-0.01041807289325351
NOW_10y,-0.43052805658982163,-0.10714287010327672,-0.08543322137869802,-0.6632912004349937,0.5206611570247934,121,0.007905345620531233,0.017261003843164435,-0.0016062402391458582
DUK_10y,-0.4348045517814503,-0.1084965009141069,-0.5615831969542997,-0.597007056591072,0.5140845070422535,142,0.0015220314880217299,0.0043779709491291825,-0.0013339079730857227
CVX_10y,-0.4401899926580838,-0.1102128310242878,-0.29949873505895097,-0.6682341316459952,0.5401459854014599,137,0.003759039770794966,0.01048636860779927,-0.0030672203726358725
AIG_10y,-0.4599118189900717,-0.11661293354608981,-0.30104228446990483,-0.6013937451750462,0.4896551724137931,145,0.0009942897785209304,0.009457111295286699,-0.007586070925977696
BAC_10y,-0.4641045563514691,-0.11799755437281179,-0.29936559962669856,-0.6095145817944889,0.5121951219512195,123,0.007104976601798333,0.014076493429279783,0.0002459035941149712
BK_10y,-0.4710124095283047,-0.12029781128403572,-0.37221072321549725,-0.6325394714740777,0.4806201550387597,129,-0.0015872825792647817,0.0060561539924608426,-0.009113127819117705
LOW_10y,-0.4775525664939023,-0.1224978462643671,-0.3648896768731468,-0.5610348324333508,0.46825396825396826,126,0.0004317096271435969,0.004115505981461374,-0.00325208672717418
T_10y,-0.5023169781570755,-0.131032999227908,-0.4238292785754958,-0.6182279301069966,0.5167785234899329,149,0.00013842345526815216,0.000825371570899506,-0.0005393653521547836
MDLZ_10y,-0.5103190190026976,-0.1335658404240967,-0.6352086777258577,-0.5211666455550907,0.6411764705882353,170,0.003940918947946249,0.005014619447838266,0.0028672184480542312
SBUX_10y,-0.5155220816278421,-0.13542231953755368,-0.34159783421784584,-0.5987963441964944,0.4827586206896552,174,0.0012125145592485017,0.0026359561050751336,-0.00021092698657813034
LMT_10y,-0.5151201662369294,-0.13557945794446025,-0.5706463321546557,-0.68331753342723,0.5481481481481482,135,0.003081597497423836,0.004363044464972897,0.001818995338221085
GD_10y,-0.5191995007291036,-0.1370481832822097,-0.6337688965848035,-0.6478906720578053,0.453125,128,-0.0059899989602416465,0.0004544548367734248,-0.012434452757256718
TGT_10y,-0.5412239243234096,-0.1451543750461699,-0.2666759044021312,-0.7941788396023448,0.5234899328859061,149,-0.001960228993951882,-0.0022748897464684435,-0.001649763718135541
SO_10y,-0.5461976338523435,-0.14702786805124723,-0.7620054426533762,-0.5991165066270481,0.5664335664335665,143,0.0022618795525730364,0.00631859521026552,-0.0018519729453686377
SPG_10y,-0.5485664756222104,-0.1479259327015623,-0.3641286752795624,-0.7714505754227929,0.5196850393700787,127,0.0017009361956873083,0.010627309248197787,-0.00736712531797413
MO_10y,-0.5702383141379485,-0.1563218137708008,-0.6721283430650535,-0.687407280136655,0.5375,160,-0.0011084024699134346,0.0025581751796059137,-0.004774980119432783
FDX_10y,-0.5803965101681315,-0.16037410636138583,-0.3557750761157831,-0.7135243213972866,0.6025641025641025,156,0.002165098720976639,0.0031472925334647094,0.001182904908488568
CVS_10y,-0.5886534755891547,-0.16372610273729882,-0.45662311201840644,-0.7007394123485469,0.5641025641025641,156,0.0028354134454509385,0.0035997130420739143,0.0020711138488279626
IBM_10y,-0.6038895425515105,-0.17005504591552578,-0.6738127740671175,-0.6561625233085393,0.514018691588785,107,-0.0009902975554072803,0.007609176430244728,-0.009430522022806474
VZ_10y,-0.6206623208249618,-0.17725128892265973,-0.8529749849836337,-0.6907908872697497,0.5112359550561798,178,-0.002428743022222189,-0.0035244291581197646,-0.0013330568863246133
TSLA_10y,-0.6685238309601111,-0.1988601173715533,0.007705285011252554,-0.9087836867850145,0.48148148148148145,135,0.0020858469764963687,0.010523284762096017,-0.00622751084166799
CMCSA_10y,-0.6733019074248703,-0.20119240475895195,-0.7351717384408168,-0.7318835190977182,0.5549132947976878,173,0.0027299900995339443,0.0019502684452934098,0.003500749435909645
MMM_10y,-0.6822875263928299,-0.20609145707173515,-0.7127309301432997,-0.7397775063448508,0.515625,128,-0.0024134837919848424,-0.0020174710303701056,-0.0028094965535995792
MET_10y,-0.6897974533128272,-0.20990481105325953,-0.7553154265810813,-0.7406757447049532,0.45517241379310347,145,-0.0023559846894137585,0.003720178107353233,-0.008516538636135848
BRK.B_10y,-0.7075873802473409,-0.21924137734414129,-1.232501270908953,-0.7377489155270407,0.4748201438848921,139,-0.0036305797413263294,0.002294713314468691,-0.009471225753467136
UPS_10y,-0.7184304866221578,-0.22515698720549493,-0.7711319181952078,-0.7889716356610526,0.48872180451127817,133,-0.004537550191079233,-0.008538508024579129,-0.000475971784344491
MDT_10y,-0.7430943921235716,-0.23932273921575686,-1.1408557994640365,-0.761782564714864,0.4966887417218543,151,-0.002676128641981335,-0.00272575146222039,-0.002627158753587531
ACN_10y,-0.7439809991821267,-0.23968546803649715,-0.890471875825161,-0.778681033455205,0.4936708860759494,158,0.00017010244443158755,0.0028581762362533255,-0.0025179713473901504
DHR_10y,-0.758131877565046,-0.2485017601519639,-0.8376112060426946,-0.7882977786331493,0.5251798561151079,139,0.0008628017382035848,0.0011193937542091303,0.0006024909973283936
WFC_10y,-0.7630125547074759,-0.2515789484453149,-0.7498916328457523,-0.8001635083965926,0.5034013605442177,147,0.0024062502167111538,0.012579577350128384,-0.007629599523011249
ISRG_10y,-0.7656556026052996,-0.2527450388012791,-0.33633228236520946,-0.8668346372197137,0.5701754385964912,114,0.0025535472346955787,0.004735851878472767,0.0003712425909183909
AMT_10y,-0.7770716898606433,-0.2607351978025181,-1.0490650842740794,-0.8396495647087422,0.5193798449612403,129,0.0009774258194332778,0.0015250685961001528,0.0004382083162535855
GM_10y,-0.7919643673041066,-0.27095194422894875,-0.6678100977738342,-0.8226834401726251,0.5227272727272727,132,-0.002224549812302825,0.0029224928969564068,-0.007371592521562057
DE_10y,-0.7955986543913331,-0.273533521795579,-0.9403550727361165,-0.860944277725254,0.5737704918032787,122,0.00339825777837721,0.011503241688778474,-0.0047067261320240545
COP_10y,-0.8318953608371046,-0.30156456477881843,-0.8212891182372697,-0.8815131794317431,0.4797297297297297,148,-0.00815736620173634,0.0005846892637281896,-0.01689942166720087
SCHW_10y,-0.8455325780255116,-0.31315134493966645,-0.9103616994472173,-0.906526547911263,0.5036496350364964,137,-0.0016722096376561894,0.007152266640405856,-0.010368794955166611
BMY_10y,-0.85220345251781,-0.3194316850058244,-1.548230678818879,-0.8551772053087179,0.44,150,-0.004029972464419516,-0.005162861305164171,-0.0028970836236748604
BA_10y,-0.8548460082137999,-0.32189858340121225,-0.8353831878581972,-0.8829577589786675,0.5149253731343284,134,0.0020274791867602817,0.007319242595974363,-0.0032642842224537994
EMR_10y,-0.8594780722072841,-0.3260982586189337,-1.31252342588352,-0.9055369078321243,0.4881889763779528,127,-0.004439957741833096,0.0013246839900466904,-0.01011452694665226
USB_10y,-0.8635142972434917,-0.3302509409518638,-1.1644785674176334,-0.9020802538779817,0.5859872611464968,157,0.0002808536559478642,0.002255312989820242,-0.001668612521799547
PYPL_10y,-0.8934952160212795,-0.362178993588262,-0.8871138510624577,-0.9282063873470983,0.6190476190476191,126,0.0021469132962677836,-0.001431235456901305,0.005725062049436872
AMD_10y,-0.9155059984897984,-0.3911503554832775,-0.74023884371728,-0.9480868749054643,0.5,140,0.004863818883780904,0.013015148636428085,-0.003287510868866277
NEE_10y,-0.9400475249009892,-0.43245602756634427,-0.9554406205905367,-0.9464223734466019,0.5298507462686567,134,-0.008039955246836629,-0.012494764077769437,-0.0035851464159038214
CHTR_10y,-0.9467982749754034,-0.44515721343752945,-1.5275447145963303,-0.9589441945378131,0.5579710144927537,138,-0.006624700471246497,-0.010654061006229678,-0.002595339936263318
PLTR_10y,-0.9981534222079776,-0.7280926893330759,-1.2694058179666514,-0.9988205245447073,0.5707317073170731,205,0.010631502152425762,0.027087181578896304,-0.0056644133961178764
GE_10y,-3.349970753641126,,-0.4842302896689236,-6.445647955421532,0.46774193548387094,124,-0.059490823988118995,0.011702315567813714,-0.13068396354405173
PORTFOLIO,-0.26714931480226645,-0.060456002592216396,-0.9299385984184546,-0.32423494488367843,0.5170577227580251,13894,0.0018669972635308421,0.0069768435520217945,-0.003235498843302327
